{"ID":"1","email":"Louie87501558863@gmail.com","sex":"female"} 
{"ID":"2","email":"Axton42964403509@gmail.com","sex":"female"} 
{"ID":"3","email":"Salvador87765028916@gmail.com","sex":"male"} 
{"ID":"4","email":"Jakob17615639214@gmail.com","sex":"male"} 
{"ID":"5","email":"Keenan14805914160@gmail.com","sex":"female"} 
{"ID":"6","email":"Oscar19879055465@gmail.com","sex":"male"} 
{"ID":"7","email":"Travis61866163403@gmail.com","sex":"female"} 
{"ID":"8","email":"Neil4546766274@gmail.com","sex":"female"} 
{"ID":"9","email":"Elias22939028349@gmail.com","sex":"female"} 
{"ID":"10","email":"Aldo98787047402@gmail.com","sex":"male"} 
