{"ID":"1","email":"Louie87501558863@gmail.com","tel":"4187-4525-2508"} 
{"ID":"2","email":"Axton42964403509@gmail.com","tel":"5595-0822-3372"} 
{"ID":"3","email":"Salvador87765028916@gmail.com","tel":"2658-9360-7472"} 
{"ID":"4","email":"Jakob17615639214@gmail.com","tel":"2033-2296-4420"} 
{"ID":"5","email":"Keenan14805914160@gmail.com","tel":"7819-8351-7088"} 
{"ID":"6","email":"Oscar19879055465@gmail.com","tel":"2301-1643-0748"} 
{"ID":"7","email":"Travis61866163403@gmail.com","tel":"8593-3081-3760"} 
{"ID":"8","email":"Neil4546766274@gmail.com","tel":"2875-8642-1187"} 
{"ID":"9","email":"Elias22939028349@gmail.com","tel":"8925-2379-1855"} 
{"ID":"10","email":"Aldo98787047402@gmail.com","tel":"7853-5714-6292"} 
{"ID":"11","email":"Evan87396491085@gmail.com","tel":"4115-2550-3751"} 
{"ID":"12","email":"Eduardo46027191035@gmail.com","tel":"9575-3324-0128"} 
{"ID":"13","email":"Emmanuel50498902727@gmail.com","tel":"5413-2746-8442"} 
{"ID":"14","email":"Thiago50082881068@gmail.com","tel":"7604-5443-6029"} 
{"ID":"15","email":"Angel98578939911@gmail.com","tel":"7240-2659-5849"} 
{"ID":"16","email":"Johnathan43218780405@gmail.com","tel":"9779-3594-5695"} 
{"ID":"17","email":"Barrett83258403967@gmail.com","tel":"2336-1002-6065"} 
{"ID":"18","email":"Fabian21453941239@gmail.com","tel":"2680-4748-4342"} 
{"ID":"19","email":"Felix7747789472@gmail.com","tel":"3227-6299-3459"} 
{"ID":"20","email":"Cody13179539547@gmail.com","tel":"5324-2652-2440"} 
{"ID":"21","email":"Denver10094941448@gmail.com","tel":"2413-2329-4573"} 
{"ID":"22","email":"Milo73035322989@gmail.com","tel":"3846-1693-5267"} 
{"ID":"23","email":"Kyle43190568169@gmail.com","tel":"3139-4053-6445"} 
{"ID":"24","email":"Lyric21995127398@gmail.com","tel":"9435-4047-0314"} 
{"ID":"25","email":"Brodie19404730171@gmail.com","tel":"5210-9348-8611"} 
{"ID":"26","email":"Deangelo86740661549@gmail.com","tel":"3546-9806-1224"} 
{"ID":"27","email":"Kaison8919865990@gmail.com","tel":"1835-9736-9285"} 
{"ID":"28","email":"London26656688287@gmail.com","tel":"1100-0245-6392"} 
{"ID":"29","email":"Lionel55142322133@gmail.com","tel":"7515-0593-0759"} 
{"ID":"30","email":"Sylas75159645903@gmail.com","tel":"4793-9325-0558"} 
{"ID":"31","email":"Kannon98015725903@gmail.com","tel":"8689-7643-3039"} 
{"ID":"32","email":"Roman63575660879@gmail.com","tel":"9078-9390-3223"} 
{"ID":"33","email":"Mark76626004551@gmail.com","tel":"7570-0634-4452"} 
{"ID":"34","email":"Damien40412773932@gmail.com","tel":"6620-4502-6116"} 
{"ID":"35","email":"Ezekiel16179201177@gmail.com","tel":"1854-4007-8357"} 
{"ID":"36","email":"Jett46626170863@gmail.com","tel":"1133-7740-1601"} 
{"ID":"37","email":"Dax91249682996@gmail.com","tel":"2084-4260-7043"} 
{"ID":"38","email":"Kendall58354033993@gmail.com","tel":"5246-5243-1980"} 
{"ID":"39","email":"Ty97137724538@gmail.com","tel":"8075-9316-6928"} 
{"ID":"40","email":"Dennis62605635100@gmail.com","tel":"9000-6353-9389"} 
{"ID":"41","email":"Reagan54241879829@gmail.com","tel":"8223-9962-7766"} 
{"ID":"42","email":"Emmet88512092362@gmail.com","tel":"9837-1233-8752"} 
{"ID":"43","email":"Nash16542908486@gmail.com","tel":"4775-9739-8514"} 
{"ID":"44","email":"Keagan77004208242@gmail.com","tel":"1438-9029-1513"} 
{"ID":"45","email":"Danny54612499570@gmail.com","tel":"9229-8399-7195"} 
{"ID":"46","email":"Danny35160649807@gmail.com","tel":"7836-3900-9537"} 
{"ID":"47","email":"Travis36001401066@gmail.com","tel":"4473-5109-0762"} 
{"ID":"48","email":"Clay87973686851@gmail.com","tel":"8325-4606-7343"} 
{"ID":"49","email":"Miles31427941635@gmail.com","tel":"5805-9374-7928"} 
{"ID":"50","email":"Yousef9908556420@gmail.com","tel":"8297-6343-8008"} 
{"ID":"51","email":"Bobby33879429122@gmail.com","tel":"2542-7498-1041"} 
{"ID":"52","email":"Camdyn91386499820@gmail.com","tel":"1250-0168-2069"} 
{"ID":"53","email":"Rowan89555209869@gmail.com","tel":"3024-6307-0248"} 
{"ID":"54","email":"Brooks71200333799@gmail.com","tel":"4411-3634-4260"} 
{"ID":"55","email":"Raylan4521640614@gmail.com","tel":"3828-8617-5842"} 
{"ID":"56","email":"Ahmed44875424693@gmail.com","tel":"1396-2770-3702"} 
{"ID":"57","email":"Antonio9015649206@gmail.com","tel":"7193-9975-4357"} 
{"ID":"58","email":"Amare41117734695@gmail.com","tel":"8559-5656-7396"} 
{"ID":"59","email":"Kaysen32524878812@gmail.com","tel":"3761-5849-9906"} 
{"ID":"60","email":"Maxton43744625169@gmail.com","tel":"6666-5787-0600"} 
{"ID":"61","email":"Reece67088928349@gmail.com","tel":"3921-3819-7259"} 
{"ID":"62","email":"Boone24872919947@gmail.com","tel":"9694-1917-5130"} 
{"ID":"63","email":"Theodore73707521530@gmail.com","tel":"7318-5911-9754"} 
{"ID":"64","email":"Reginald46642665023@gmail.com","tel":"9024-2026-4136"} 
{"ID":"65","email":"Cassius17307880168@gmail.com","tel":"4491-0856-5008"} 
{"ID":"66","email":"Shane83383958033@gmail.com","tel":"7651-2516-1358"} 
{"ID":"67","email":"Keith99414993629@gmail.com","tel":"6496-1779-0786"} 
{"ID":"68","email":"Ashton13888092993@gmail.com","tel":"8887-9207-6421"} 
{"ID":"69","email":"Achilles94484841807@gmail.com","tel":"6651-7761-9165"} 
{"ID":"70","email":"Deshawn34323174180@gmail.com","tel":"4169-1743-1244"} 
{"ID":"71","email":"Juelz85802086710@gmail.com","tel":"5844-2612-2068"} 
{"ID":"72","email":"Eduardo46338266530@gmail.com","tel":"2117-4530-4756"} 
{"ID":"73","email":"Diego39910112911@gmail.com","tel":"8980-4484-3617"} 
{"ID":"74","email":"Nelson82029071505@gmail.com","tel":"1881-0541-0379"} 
{"ID":"75","email":"Roger54732718807@gmail.com","tel":"2115-8111-5554"} 
{"ID":"76","email":"Valentin37691990329@gmail.com","tel":"2676-3431-5816"} 
{"ID":"77","email":"Rey65863170230@gmail.com","tel":"1154-8194-2405"} 
{"ID":"78","email":"Edgar1672366760@gmail.com","tel":"5395-1300-6458"} 
{"ID":"79","email":"Archer97937737440@gmail.com","tel":"8167-7832-0813"} 
{"ID":"80","email":"Ariel78116618920@gmail.com","tel":"9450-3786-7710"} 
{"ID":"81","email":"Johan3577224970@gmail.com","tel":"7724-8240-1895"} 
{"ID":"82","email":"Dennis28066820701@gmail.com","tel":"2766-3283-1250"} 
{"ID":"83","email":"Deandre41071420462@gmail.com","tel":"6931-2643-2594"} 
{"ID":"84","email":"Triston72090271494@gmail.com","tel":"4935-0210-3705"} 
{"ID":"85","email":"Terrance3797803628@gmail.com","tel":"7326-4174-8046"} 
{"ID":"86","email":"Kyree24515462999@gmail.com","tel":"3193-9155-9225"} 
{"ID":"87","email":"Oakley29307260926@gmail.com","tel":"1542-9668-4640"} 
{"ID":"88","email":"Jerry58349728544@gmail.com","tel":"1584-4199-8473"} 
{"ID":"89","email":"Nikolas84075921547@gmail.com","tel":"7727-1816-7163"} 
{"ID":"90","email":"Ramon32082844808@gmail.com","tel":"3656-2969-8994"} 
{"ID":"91","email":"Ameer41113707518@gmail.com","tel":"3598-3661-0361"} 
{"ID":"92","email":"Van44834678584@gmail.com","tel":"8537-4367-5032"} 
{"ID":"93","email":"Brian41936523190@gmail.com","tel":"1633-2700-1188"} 
{"ID":"94","email":"Enzo24683936017@gmail.com","tel":"9413-7102-8161"} 
{"ID":"95","email":"Leo61850457988@gmail.com","tel":"6948-6922-5962"} 
{"ID":"96","email":"Kamden96518944898@gmail.com","tel":"9202-6972-2856"} 
{"ID":"97","email":"Alexander78062781523@gmail.com","tel":"1821-0133-0118"} 
{"ID":"98","email":"Victor20380314460@gmail.com","tel":"4873-0518-6903"} 
{"ID":"99","email":"Christopher73825904836@gmail.com","tel":"9519-6537-7394"} 
{"ID":"100","email":"Armani39019264462@gmail.com","tel":"6795-0573-0766"} 
{"ID":"101","email":"Leland98636880529@gmail.com","tel":"2884-0525-9239"} 
{"ID":"102","email":"Yadiel24274223157@gmail.com","tel":"7216-2894-6172"} 
{"ID":"103","email":"Junior44456437227@gmail.com","tel":"6279-1751-1036"} 
{"ID":"104","email":"Trey65872316792@gmail.com","tel":"9369-9541-6519"} 
{"ID":"105","email":"Johnny90977944055@gmail.com","tel":"7708-1478-6979"} 
{"ID":"106","email":"Cory3391191256@gmail.com","tel":"9444-9017-1768"} 
{"ID":"107","email":"Salvatore19168121667@gmail.com","tel":"5724-6104-6766"} 
{"ID":"108","email":"Agustin62370562194@gmail.com","tel":"1199-9748-8726"} 
{"ID":"109","email":"Abdullah91617676161@gmail.com","tel":"1700-8557-3693"} 
{"ID":"110","email":"Simon18941774653@gmail.com","tel":"1087-5016-9906"} 
{"ID":"111","email":"Ramon50681488493@gmail.com","tel":"7096-7919-1476"} 
{"ID":"112","email":"Gustavo83847559595@gmail.com","tel":"6479-5751-6534"} 
{"ID":"113","email":"Patrick90954399241@gmail.com","tel":"9812-0563-1524"} 
{"ID":"114","email":"Jaxon66353093324@gmail.com","tel":"2756-2855-7467"} 
{"ID":"115","email":"Gideon21319965344@gmail.com","tel":"1958-9476-1251"} 
{"ID":"116","email":"Angel51303365919@gmail.com","tel":"6329-2287-6463"} 
{"ID":"117","email":"Jessie43626075221@gmail.com","tel":"5483-8475-5433"} 
{"ID":"118","email":"Moises98460757866@gmail.com","tel":"2020-1714-0904"} 
{"ID":"119","email":"Camden39982627298@gmail.com","tel":"8802-9356-6668"} 
{"ID":"120","email":"Gibson52260653640@gmail.com","tel":"7899-3934-0146"} 
{"ID":"121","email":"Luke78742931294@gmail.com","tel":"4864-6158-9983"} 
{"ID":"122","email":"Enzo32251818307@gmail.com","tel":"3688-4683-9304"} 
{"ID":"123","email":"Carmelo20421880088@gmail.com","tel":"2963-3994-1800"} 
{"ID":"124","email":"Frankie59742150718@gmail.com","tel":"5047-5296-1612"} 
{"ID":"125","email":"Callan29120355183@gmail.com","tel":"4912-1314-6294"} 
{"ID":"126","email":"Jairo64549371651@gmail.com","tel":"9568-6448-9666"} 
{"ID":"127","email":"Fletcher72466711073@gmail.com","tel":"5332-3702-8992"} 
{"ID":"128","email":"Jonael7260068605@gmail.com","tel":"1578-0089-9924"} 
{"ID":"129","email":"Jaziel23652644925@gmail.com","tel":"3394-3025-4872"} 
{"ID":"130","email":"Adam47029453020@gmail.com","tel":"7075-2410-4238"} 
{"ID":"131","email":"Justus62832095301@gmail.com","tel":"3172-5038-9674"} 
{"ID":"132","email":"Colten82708096463@gmail.com","tel":"7395-1023-5620"} 
{"ID":"133","email":"Samir11968258027@gmail.com","tel":"3273-7664-0674"} 
{"ID":"134","email":"Tristan95960793954@gmail.com","tel":"9724-1962-2911"} 
{"ID":"135","email":"Leon27155236810@gmail.com","tel":"8726-5516-6633"} 
{"ID":"136","email":"Austin29046614588@gmail.com","tel":"9123-3370-1727"} 
{"ID":"137","email":"Maddox15507171055@gmail.com","tel":"3533-7805-7680"} 
{"ID":"138","email":"Kaison37058145012@gmail.com","tel":"8547-8394-1283"} 
{"ID":"139","email":"Gavin39899213873@gmail.com","tel":"4313-8324-8750"} 
{"ID":"140","email":"Vivaan64671758113@gmail.com","tel":"8797-3678-5935"} 
{"ID":"141","email":"Miller24160992308@gmail.com","tel":"9167-9178-4764"} 
{"ID":"142","email":"Mateo10839733564@gmail.com","tel":"9810-5163-4996"} 
{"ID":"143","email":"Lewis73764716508@gmail.com","tel":"8191-3846-3046"} 
{"ID":"144","email":"Mayson61358916164@gmail.com","tel":"2115-1023-3647"} 
{"ID":"145","email":"Josiah82616446792@gmail.com","tel":"9814-8580-2972"} 
{"ID":"146","email":"Shaun88879480156@gmail.com","tel":"8093-3055-7818"} 
{"ID":"147","email":"Maxton5250423383@gmail.com","tel":"7638-1412-4110"} 
{"ID":"148","email":"Uriah42671348941@gmail.com","tel":"5483-1807-3159"} 
{"ID":"149","email":"Alexander35542836686@gmail.com","tel":"3372-1089-1643"} 
{"ID":"150","email":"Atlas76344644910@gmail.com","tel":"7848-4993-5652"} 
{"ID":"151","email":"Greyson48002716108@gmail.com","tel":"6494-8860-2558"} 
{"ID":"152","email":"Troy90724501232@gmail.com","tel":"2663-0011-2217"} 
{"ID":"153","email":"Alexander25764147916@gmail.com","tel":"9868-7758-9812"} 
{"ID":"154","email":"Lennon1209474468@gmail.com","tel":"7900-5054-2551"} 
{"ID":"155","email":"Rocco20595317519@gmail.com","tel":"6760-9120-0454"} 
{"ID":"156","email":"Kingsley74196652318@gmail.com","tel":"2248-3450-2435"} 
{"ID":"157","email":"Kye64556378454@gmail.com","tel":"9917-5414-0644"} 
{"ID":"158","email":"Damien15535523160@gmail.com","tel":"3089-5479-4203"} 
{"ID":"159","email":"Talon80379481191@gmail.com","tel":"7810-2192-5541"} 
{"ID":"160","email":"Kashton35476539661@gmail.com","tel":"7472-2484-2158"} 
{"ID":"161","email":"Trenton18210749285@gmail.com","tel":"4199-8020-4596"} 
{"ID":"162","email":"Musa59209221131@gmail.com","tel":"4318-0261-7816"} 
{"ID":"163","email":"Hugo80045368692@gmail.com","tel":"9345-7497-9198"} 
{"ID":"164","email":"Kelvin99838556854@gmail.com","tel":"3951-1229-7746"} 
{"ID":"165","email":"Liam80003392276@gmail.com","tel":"7665-4529-7453"} 
{"ID":"166","email":"Willie61527365356@gmail.com","tel":"3666-6152-0980"} 
{"ID":"167","email":"Raymond28535223177@gmail.com","tel":"4359-5738-4635"} 
{"ID":"168","email":"Jorge94536180328@gmail.com","tel":"6928-2290-7855"} 
{"ID":"169","email":"Shane21712188560@gmail.com","tel":"6450-0948-2621"} 
{"ID":"170","email":"Markus81021130876@gmail.com","tel":"2998-1677-5007"} 
{"ID":"171","email":"Kyle62948997468@gmail.com","tel":"1110-1080-6357"} 
{"ID":"172","email":"Hector90704217132@gmail.com","tel":"2376-4568-7318"} 
{"ID":"173","email":"Eliseo43821313678@gmail.com","tel":"5927-4812-3962"} 
{"ID":"174","email":"Rylan8909226747@gmail.com","tel":"7562-2030-5055"} 
{"ID":"175","email":"Nico63083010168@gmail.com","tel":"2464-3528-3920"} 
{"ID":"176","email":"Alex5960529016@gmail.com","tel":"3961-9707-9062"} 
{"ID":"177","email":"Dawson68554180206@gmail.com","tel":"5823-8099-7407"} 
{"ID":"178","email":"Oakley86570826089@gmail.com","tel":"7551-2504-8654"} 
{"ID":"179","email":"Kaysen65242297667@gmail.com","tel":"1883-8091-0664"} 
{"ID":"180","email":"Carl30597840768@gmail.com","tel":"8355-6246-5371"} 
{"ID":"181","email":"Harley44875360213@gmail.com","tel":"6923-0038-9252"} 
{"ID":"182","email":"Nikolas12428911861@gmail.com","tel":"7342-5324-7968"} 
{"ID":"183","email":"Fernando56967278056@gmail.com","tel":"4857-1422-6281"} 
{"ID":"184","email":"Karter65256251539@gmail.com","tel":"2708-1600-4429"} 
{"ID":"185","email":"Kamari59602131327@gmail.com","tel":"2588-4148-7938"} 
{"ID":"186","email":"Zechariah38634629758@gmail.com","tel":"6284-4566-4940"} 
{"ID":"187","email":"Nicholas59315343369@gmail.com","tel":"5700-8283-5687"} 
{"ID":"188","email":"Ibrahim82967101063@gmail.com","tel":"1278-0447-5736"} 
{"ID":"189","email":"Jordyn73766268236@gmail.com","tel":"3116-4211-4864"} 
{"ID":"190","email":"Raylan82943302509@gmail.com","tel":"8357-1099-4768"} 
{"ID":"191","email":"Quintin28337996946@gmail.com","tel":"3360-9290-6276"} 
{"ID":"192","email":"Nickolas53458786414@gmail.com","tel":"2217-4175-4072"} 
{"ID":"193","email":"Neil28366700319@gmail.com","tel":"4821-1822-8596"} 
{"ID":"194","email":"Ian6172712616@gmail.com","tel":"1849-4230-3815"} 
{"ID":"195","email":"Diego32394178409@gmail.com","tel":"4154-8116-6445"} 
{"ID":"196","email":"Joaquin92615171510@gmail.com","tel":"3381-9516-9735"} 
{"ID":"197","email":"Davis88653663934@gmail.com","tel":"6727-3511-9973"} 
{"ID":"198","email":"Mark30634292199@gmail.com","tel":"7352-9033-4411"} 
{"ID":"199","email":"Manuel86940416120@gmail.com","tel":"2291-0345-6234"} 
{"ID":"200","email":"Isaac24977205125@gmail.com","tel":"5734-5528-4181"} 
